"temp_bin","temp","rate_output","trial","FishID","Species","Method"
17,17.042,8.53954449760671,1,"Ito1","Ito","Intermittent"
17,16.824,9.81075184275032,1,"Ito1","Ito","Intermittent"
17,17.099,10.9128909349523,1,"Ito1","Ito","Intermittent"
17,17.395,11.3393380059468,1,"Ito1","Ito","Intermittent"
18,18.437,13.1106329755571,1,"Ito1","Ito","Intermittent"
18,17.678,13.4458645286421,1,"Ito1","Ito","Intermittent"
18,17.957,11.6363694297153,1,"Ito1","Ito","Intermittent"
18,18.241,12.5499770852176,1,"Ito1","Ito","Intermittent"
19,18.531,13.1578384585532,1,"Ito1","Ito","Intermittent"
19,18.84,14.4845304021712,1,"Ito1","Ito","Intermittent"
19,19.139,12.9873177292105,1,"Ito1","Ito","Intermittent"
19,19.42,14.9907184275177,1,"Ito1","Ito","Intermittent"
20,20.46,14.2191629639195,1,"Ito1","Ito","Intermittent"
20,20.388,14.5247639984464,1,"Ito1","Ito","Intermittent"
20,20.326,16.2031004784675,1,"Ito1","Ito","Intermittent"
20,20.278,14.469134152332,1,"Ito1","Ito","Intermittent"
20,20.235,13.8281563170808,1,"Ito1","Ito","Intermittent"
20,20.198,13.9017968705534,1,"Ito1","Ito","Intermittent"
20,20.179,15.9147839130981,1,"Ito1","Ito","Intermittent"
20,20.174,14.7324681236252,1,"Ito1","Ito","Intermittent"
20,20.175,14.3012278805106,1,"Ito1","Ito","Intermittent"
20,20.205,15.054336893831,1,"Ito1","Ito","Intermittent"
20,20.249,16.0134070606483,1,"Ito1","Ito","Intermittent"
20,20.293,14.7390042674231,1,"Ito1","Ito","Intermittent"
20,19.703,14.346980887106,1,"Ito1","Ito","Intermittent"
20,19.978,14.0063751713404,1,"Ito1","Ito","Intermittent"
21,21.476,15.8638019914647,1,"Ito1","Ito","Intermittent"
21,21.389,15.7326433725587,1,"Ito1","Ito","Intermittent"
21,21.29,17.807215414457,1,"Ito1","Ito","Intermittent"
21,21.186,20.5246535109261,1,"Ito1","Ito","Intermittent"
21,21.082,15.1538315272196,1,"Ito1","Ito","Intermittent"
21,20.974,15.0586943230304,1,"Ito1","Ito","Intermittent"
21,20.879,15.6064231734118,1,"Ito1","Ito","Intermittent"
21,20.792,16.2161727660666,1,"Ito1","Ito","Intermittent"
21,20.71,40.5654871330641,1,"Ito1","Ito","Intermittent"
21,20.62,34.5809938704224,1,"Ito1","Ito","Intermittent"
21,20.543,12.9634971162536,1,"Ito1","Ito","Intermittent"
22,21.615,17.1319591361688,1,"Ito1","Ito","Intermittent"
22,21.554,18.0157910254748,1,"Ito1","Ito","Intermittent"
17,17.042,11.4739604117934,1,"Ito2","Ito","Intermittent"
17,16.824,13.1711360030843,1,"Ito2","Ito","Intermittent"
17,17.099,12.7501086385209,1,"Ito2","Ito","Intermittent"
17,17.395,12.6431423680577,1,"Ito2","Ito","Intermittent"
18,18.437,14.8926836560002,1,"Ito2","Ito","Intermittent"
18,17.678,13.2305090532091,1,"Ito2","Ito","Intermittent"
18,17.957,14.0121075294723,1,"Ito2","Ito","Intermittent"
18,18.241,15.537121585455,1,"Ito2","Ito","Intermittent"
19,18.531,15.4185108855496,1,"Ito2","Ito","Intermittent"
19,18.84,16.532381801961,1,"Ito2","Ito","Intermittent"
19,19.139,20.0106811968055,1,"Ito2","Ito","Intermittent"
19,19.42,16.5330588036736,1,"Ito2","Ito","Intermittent"
20,20.46,17.3836437543684,1,"Ito2","Ito","Intermittent"
20,20.388,30.2691527352474,1,"Ito2","Ito","Intermittent"
20,20.326,42.274694891141,1,"Ito2","Ito","Intermittent"
20,20.278,18.9034448971695,1,"Ito2","Ito","Intermittent"
20,20.235,17.5130187814912,1,"Ito2","Ito","Intermittent"
20,20.198,17.3546003809325,1,"Ito2","Ito","Intermittent"
20,20.179,18.9999176411007,1,"Ito2","Ito","Intermittent"
20,20.174,20.2141202112005,1,"Ito2","Ito","Intermittent"
20,20.175,17.5941235865646,1,"Ito2","Ito","Intermittent"
20,20.205,17.7259358198512,1,"Ito2","Ito","Intermittent"
20,20.249,17.8498948332803,1,"Ito2","Ito","Intermittent"
20,20.293,18.0774351086122,1,"Ito2","Ito","Intermittent"
20,19.703,17.2862232080416,1,"Ito2","Ito","Intermittent"
20,19.978,16.6115233020675,1,"Ito2","Ito","Intermittent"
21,21.476,19.3087658220214,1,"Ito2","Ito","Intermittent"
21,21.389,18.5994034284056,1,"Ito2","Ito","Intermittent"
21,21.29,20.1422226294086,1,"Ito2","Ito","Intermittent"
21,21.186,19.0513697711976,1,"Ito2","Ito","Intermittent"
21,21.082,17.5437546592072,1,"Ito2","Ito","Intermittent"
21,20.974,17.8261997733676,1,"Ito2","Ito","Intermittent"
21,20.879,17.2889312148894,1,"Ito2","Ito","Intermittent"
21,20.792,17.8085977288611,1,"Ito2","Ito","Intermittent"
21,20.71,17.5436192588656,1,"Ito2","Ito","Intermittent"
21,20.62,17.7723781372793,1,"Ito2","Ito","Intermittent"
21,20.543,17.2223142464485,1,"Ito2","Ito","Intermittent"
22,21.615,19.678950358029,1,"Ito2","Ito","Intermittent"
22,21.554,21.5732011476234,1,"Ito2","Ito","Intermittent"
17,17.042,8.98948018695279,1,"Ito3","Ito","Intermittent"
17,16.824,9.20517293232925,1,"Ito3","Ito","Intermittent"
17,17.099,10.9869205446034,1,"Ito3","Ito","Intermittent"
17,17.395,11.5680926640911,1,"Ito3","Ito","Intermittent"
18,18.437,12.6327189595588,1,"Ito3","Ito","Intermittent"
18,17.678,11.1836403170077,1,"Ito3","Ito","Intermittent"
18,17.957,12.1920609632172,1,"Ito3","Ito","Intermittent"
18,18.241,12.782220280429,1,"Ito3","Ito","Intermittent"
19,18.531,13.9813692338942,1,"Ito3","Ito","Intermittent"
19,18.84,13.6271595204213,1,"Ito3","Ito","Intermittent"
19,19.139,13.6506974192219,1,"Ito3","Ito","Intermittent"
19,19.42,14.6990611664286,1,"Ito3","Ito","Intermittent"
20,20.46,13.8233086770967,1,"Ito3","Ito","Intermittent"
20,20.388,21.4202011786195,1,"Ito3","Ito","Intermittent"
20,20.326,11.4358524690091,1,"Ito3","Ito","Intermittent"
20,20.278,13.5581150172712,1,"Ito3","Ito","Intermittent"
20,20.235,14.2431391993477,1,"Ito3","Ito","Intermittent"
20,20.198,15.1226006909149,1,"Ito3","Ito","Intermittent"
20,20.179,13.9709554968489,1,"Ito3","Ito","Intermittent"
20,20.174,14.4303011583004,1,"Ito3","Ito","Intermittent"
20,20.175,15.204198740092,1,"Ito3","Ito","Intermittent"
20,20.205,15.1039130258067,1,"Ito3","Ito","Intermittent"
20,20.249,15.4723881324926,1,"Ito3","Ito","Intermittent"
20,20.293,15.2840849420829,1,"Ito3","Ito","Intermittent"
20,19.703,20.6538642552306,1,"Ito3","Ito","Intermittent"
20,19.978,15.2277366388911,1,"Ito3","Ito","Intermittent"
21,21.476,18.2686905100582,1,"Ito3","Ito","Intermittent"
21,21.389,16.6689693151793,1,"Ito3","Ito","Intermittent"
21,21.29,17.1892282056487,1,"Ito3","Ito","Intermittent"
21,21.186,20.7394566145085,1,"Ito3","Ito","Intermittent"
21,21.082,14.7912156065827,1,"Ito3","Ito","Intermittent"
21,20.974,15.6407197724031,1,"Ito3","Ito","Intermittent"
21,20.879,14.6962080877865,1,"Ito3","Ito","Intermittent"
21,20.792,11.7227295265181,1,"Ito3","Ito","Intermittent"
21,20.71,13.7554054054047,1,"Ito3","Ito","Intermittent"
21,20.62,13.4010530379992,1,"Ito3","Ito","Intermittent"
21,20.543,14.2633960577104,1,"Ito3","Ito","Intermittent"
22,21.615,17.3236082097125,1,"Ito3","Ito","Intermittent"
22,21.554,17.625321276163,1,"Ito3","Ito","Intermittent"
14,13.888,6.19799447744827,2,"Ito4","Ito","Intermittent"
14,14.101,14.7925207932375,2,"Ito4","Ito","Intermittent"
15,14.885,4.74133645719914,2,"Ito4","Ito","Intermittent"
15,14.88,20.8524133545297,2,"Ito4","Ito","Intermittent"
16,15.57,27.145566396114,2,"Ito4","Ito","Intermittent"
16,16.149,18.8477396033772,2,"Ito4","Ito","Intermittent"
17,16.69,18.1757737427815,2,"Ito4","Ito","Intermittent"
17,17.17,47.3113741109479,2,"Ito4","Ito","Intermittent"
18,17.609,23.6900905363551,2,"Ito4","Ito","Intermittent"
18,18.004,23.401198895485,2,"Ito4","Ito","Intermittent"
18,18.385,24.1566114969419,2,"Ito4","Ito","Intermittent"
19,18.873,37.2543338632702,2,"Ito4","Ito","Intermittent"
19,19.362,42.2962737846163,2,"Ito4","Ito","Intermittent"
19,18.74,33.8691289431807,2,"Ito4","Ito","Intermittent"
19,19.083,52.5133756170989,2,"Ito4","Ito","Intermittent"
19,19.413,27.3597951635799,2,"Ito4","Ito","Intermittent"
20,20.278,28.6129602543681,2,"Ito4","Ito","Intermittent"
20,19.658,14.2781765542615,2,"Ito4","Ito","Intermittent"
20,19.725,46.5647453769502,2,"Ito4","Ito","Intermittent"
20,20.012,41.1938984185382,2,"Ito4","Ito","Intermittent"
20,20.291,25.9221688561619,2,"Ito4","Ito","Intermittent"
21,20.663,64.9532839092901,2,"Ito4","Ito","Intermittent"
21,21.052,65.5862103589605,2,"Ito4","Ito","Intermittent"
21,21.452,56.6578970797361,2,"Ito4","Ito","Intermittent"
21,20.555,27.2431649234308,2,"Ito4","Ito","Intermittent"
21,20.798,28.2894211363017,2,"Ito4","Ito","Intermittent"
21,21.02,29.7680388251964,2,"Ito4","Ito","Intermittent"
21,21.224,30.2857990126303,2,"Ito4","Ito","Intermittent"
21,21.411,41.9644387917272,2,"Ito4","Ito","Intermittent"
22,21.859,68.9963029035146,2,"Ito4","Ito","Intermittent"
22,22.267,44.4219697096427,2,"Ito4","Ito","Intermittent"
22,21.587,36.963978244494,2,"Ito4","Ito","Intermittent"
22,21.748,31.4891888544852,2,"Ito4","Ito","Intermittent"
22,21.906,62.6031113714215,2,"Ito4","Ito","Intermittent"
22,22.06,68.5737012802253,2,"Ito4","Ito","Intermittent"
22,22.208,32.5012855827922,2,"Ito4","Ito","Intermittent"
22,22.35,33.0912686804391,2,"Ito4","Ito","Intermittent"
22,22.484,32.4080789892027,2,"Ito4","Ito","Intermittent"
23,22.617,42.6481164756008,2,"Ito4","Ito","Intermittent"
23,22.746,32.9068074638064,2,"Ito4","Ito","Intermittent"
23,22.877,45.2871806543331,2,"Ito4","Ito","Intermittent"
23,23.017,58.5620443477434,2,"Ito4","Ito","Intermittent"
23,23.15,36.3705791983862,2,"Ito4","Ito","Intermittent"
23,23.296,34.6582130365641,2,"Ito4","Ito","Intermittent"
23,23.462,33.9769753158659,2,"Ito4","Ito","Intermittent"
24,23.631,26.0866223746925,2,"Ito4","Ito","Intermittent"
24,23.834,0.642686302397331,2,"Ito4","Ito","Intermittent"
18,17.606,23.8418958133077,2,"Ito5","Ito","Intermittent"
18,17.886,19.4982205989749,2,"Ito5","Ito","Intermittent"
18,18.229,21.7046990888463,2,"Ito5","Ito","Intermittent"
19,18.672,22.9208294952121,2,"Ito5","Ito","Intermittent"
19,18.539,25.8201256391504,2,"Ito5","Ito","Intermittent"
19,18.843,24.5311260620461,2,"Ito5","Ito","Intermittent"
19,19.124,29.3375765637592,2,"Ito5","Ito","Intermittent"
19,19.395,32.8160144554186,2,"Ito5","Ito","Intermittent"
20,20.433,27.8741394025566,2,"Ito5","Ito","Intermittent"
20,19.636,32.2597424166672,2,"Ito5","Ito","Intermittent"
20,19.872,32.5693803390805,2,"Ito5","Ito","Intermittent"
20,20.096,44.7930155703292,2,"Ito5","Ito","Intermittent"
20,20.305,34.9280993425812,2,"Ito5","Ito","Intermittent"
21,20.675,29.9736683710702,2,"Ito5","Ito","Intermittent"
21,20.923,29.4243469301423,2,"Ito5","Ito","Intermittent"
21,21.186,33.5821497058894,2,"Ito5","Ito","Intermittent"
21,21.451,33.4628684787159,2,"Ito5","Ito","Intermittent"
21,20.503,32.5931468993858,2,"Ito5","Ito","Intermittent"
21,20.697,29.8826379608582,2,"Ito5","Ito","Intermittent"
21,20.882,35.9215864057467,2,"Ito5","Ito","Intermittent"
21,21.058,38.1903960631993,2,"Ito5","Ito","Intermittent"
21,21.225,36.2005071700419,2,"Ito5","Ito","Intermittent"
21,21.385,41.5988795509511,2,"Ito5","Ito","Intermittent"
22,21.734,39.2285014801381,2,"Ito5","Ito","Intermittent"
22,22.02,39.5818609049983,2,"Ito5","Ito","Intermittent"
22,22.315,35.9455771788814,2,"Ito5","Ito","Intermittent"
22,22.412,28.2678571373612,2,"Ito5","Ito","Intermittent"
22,21.542,31.5936060897249,2,"Ito5","Ito","Intermittent"
22,21.689,37.0796456883558,2,"Ito5","Ito","Intermittent"
22,21.83,35.3393056783627,2,"Ito5","Ito","Intermittent"
22,21.962,37.3740371381293,2,"Ito5","Ito","Intermittent"
22,22.087,41.8818361462411,2,"Ito5","Ito","Intermittent"
22,22.205,42.8293595786351,2,"Ito5","Ito","Intermittent"
22,22.319,34.2628598669725,2,"Ito5","Ito","Intermittent"
22,22.441,29.8272573911026,2,"Ito5","Ito","Intermittent"
23,22.559,25.8566723309338,2,"Ito5","Ito","Intermittent"
23,22.67,28.7855645688308,2,"Ito5","Ito","Intermittent"
23,22.778,26.7467972780712,2,"Ito5","Ito","Intermittent"
23,22.888,28.7467757487163,2,"Ito5","Ito","Intermittent"
23,22.992,28.1212219445587,2,"Ito5","Ito","Intermittent"
23,23.099,28.4355683364698,2,"Ito5","Ito","Intermittent"
23,23.208,29.0218848948458,2,"Ito5","Ito","Intermittent"
23,23.315,29.2940792741475,2,"Ito5","Ito","Intermittent"
23,23.432,28.77188758602,2,"Ito5","Ito","Intermittent"
24,23.559,28.9698675175833,2,"Ito5","Ito","Intermittent"
24,23.699,31.8871006881662,2,"Ito5","Ito","Intermittent"
24,23.842,0.705149359886865,2,"Ito5","Ito","Intermittent"
18,17.606,5.26904348519608,2,"Ito6","Ito","Intermittent"
18,17.886,4.13057034604648,2,"Ito6","Ito","Intermittent"
18,18.229,6.20066247457425,2,"Ito6","Ito","Intermittent"
19,18.672,1.30749189720978,2,"Ito6","Ito","Intermittent"
19,18.539,6.37216224192648,2,"Ito6","Ito","Intermittent"
19,18.843,3.32765371372246,2,"Ito6","Ito","Intermittent"
19,19.124,5.4396128740641,2,"Ito6","Ito","Intermittent"
19,19.395,7.91876140971186,2,"Ito6","Ito","Intermittent"
20,20.433,4.6847657967849,2,"Ito6","Ito","Intermittent"
20,19.636,5.72492894271531,2,"Ito6","Ito","Intermittent"
20,19.872,8.40658986187233,2,"Ito6","Ito","Intermittent"
20,20.096,6.88852230095188,2,"Ito6","Ito","Intermittent"
20,20.305,6.10018159822303,2,"Ito6","Ito","Intermittent"
21,20.675,4.53993687932809,2,"Ito6","Ito","Intermittent"
21,20.923,6.74121237420326,2,"Ito6","Ito","Intermittent"
21,21.186,5.84401738875992,2,"Ito6","Ito","Intermittent"
21,21.451,5.55963169859427,2,"Ito6","Ito","Intermittent"
21,20.503,6.46551021656169,2,"Ito6","Ito","Intermittent"
21,20.697,7.64802127065441,2,"Ito6","Ito","Intermittent"
21,20.882,9.72679693170691,2,"Ito6","Ito","Intermittent"
21,21.058,9.87379673229427,2,"Ito6","Ito","Intermittent"
21,21.225,6.29090918759349,2,"Ito6","Ito","Intermittent"
21,21.385,9.61701227050808,2,"Ito6","Ito","Intermittent"
22,21.734,5.27245487297375,2,"Ito6","Ito","Intermittent"
22,22.02,6.86991473125788,2,"Ito6","Ito","Intermittent"
22,22.315,5.5335811010219,2,"Ito6","Ito","Intermittent"
22,22.412,29.6697698780894,2,"Ito6","Ito","Intermittent"
22,21.542,10.0279294345977,2,"Ito6","Ito","Intermittent"
22,21.689,10.9784661198315,2,"Ito6","Ito","Intermittent"
22,21.83,10.8944219300443,2,"Ito6","Ito","Intermittent"
22,21.962,13.0842227569411,2,"Ito6","Ito","Intermittent"
22,22.087,13.970563326729,2,"Ito6","Ito","Intermittent"
22,22.205,12.3033250820896,2,"Ito6","Ito","Intermittent"
22,22.319,13.9966139243005,2,"Ito6","Ito","Intermittent"
22,22.441,13.4672285664901,2,"Ito6","Ito","Intermittent"
23,22.559,14.3110818521407,2,"Ito6","Ito","Intermittent"
23,22.67,14.4441259754563,2,"Ito6","Ito","Intermittent"
23,22.778,16.9576985150402,2,"Ito6","Ito","Intermittent"
23,22.888,15.2706121960595,2,"Ito6","Ito","Intermittent"
23,22.992,16.3129462251212,2,"Ito6","Ito","Intermittent"
23,23.099,18.8156643490489,2,"Ito6","Ito","Intermittent"
23,23.208,19.0643855306326,2,"Ito6","Ito","Intermittent"
23,23.315,18.9530502386263,2,"Ito6","Ito","Intermittent"
23,23.432,20.2748079392713,2,"Ito6","Ito","Intermittent"
24,23.559,19.3893977479652,2,"Ito6","Ito","Intermittent"
24,23.699,20.4453773281371,2,"Ito6","Ito","Intermittent"
24,23.842,3.24205889312729,2,"Ito6","Ito","Intermittent"
18,17.606,20.7437893521506,2,"Ito7","Ito","Intermittent"
18,17.886,15.4698251985229,2,"Ito7","Ito","Intermittent"
18,18.229,17.9635061055938,2,"Ito7","Ito","Intermittent"
19,18.672,15.3576241627407,2,"Ito7","Ito","Intermittent"
19,18.539,19.9033984394189,2,"Ito7","Ito","Intermittent"
19,18.843,16.9799858470597,2,"Ito7","Ito","Intermittent"
19,19.124,16.0682879973471,2,"Ito7","Ito","Intermittent"
19,19.395,19.7638773964539,2,"Ito7","Ito","Intermittent"
20,20.433,19.3106058307646,2,"Ito7","Ito","Intermittent"
20,19.636,20.497393815684,2,"Ito7","Ito","Intermittent"
20,19.872,21.4257585880165,2,"Ito7","Ito","Intermittent"
20,20.096,21.3558262425907,2,"Ito7","Ito","Intermittent"
20,20.305,18.0691778314824,2,"Ito7","Ito","Intermittent"
21,20.675,49.8564357469317,2,"Ito7","Ito","Intermittent"
21,20.923,22.6037835517662,2,"Ito7","Ito","Intermittent"
21,21.186,19.3755552817993,2,"Ito7","Ito","Intermittent"
21,21.451,22.8622067643496,2,"Ito7","Ito","Intermittent"
21,20.503,22.057727056027,2,"Ito7","Ito","Intermittent"
21,20.697,20.2707580328376,2,"Ito7","Ito","Intermittent"
21,20.882,22.5417551077878,2,"Ito7","Ito","Intermittent"
21,21.058,23.1175371459317,2,"Ito7","Ito","Intermittent"
21,21.225,22.6264643124462,2,"Ito7","Ito","Intermittent"
21,21.385,21.1714591501015,2,"Ito7","Ito","Intermittent"
22,21.734,22.2448433316274,2,"Ito7","Ito","Intermittent"
22,22.02,25.8543489345226,2,"Ito7","Ito","Intermittent"
22,22.315,27.0461198138319,2,"Ito7","Ito","Intermittent"
22,22.412,10.3140759187378,2,"Ito7","Ito","Intermittent"
22,21.542,21.2319411785784,2,"Ito7","Ito","Intermittent"
22,21.689,24.4008901876791,2,"Ito7","Ito","Intermittent"
22,21.83,24.8618938308746,2,"Ito7","Ito","Intermittent"
22,21.962,25.6469574334651,2,"Ito7","Ito","Intermittent"
22,22.087,31.8833075004449,2,"Ito7","Ito","Intermittent"
22,22.205,24.770655316325,2,"Ito7","Ito","Intermittent"
22,22.319,22.2436405640137,2,"Ito7","Ito","Intermittent"
22,22.441,22.7333388059487,2,"Ito7","Ito","Intermittent"
23,22.559,25.3787402560427,2,"Ito7","Ito","Intermittent"
23,22.67,22.4448464030667,2,"Ito7","Ito","Intermittent"
23,22.778,21.7231858360122,2,"Ito7","Ito","Intermittent"
23,22.888,24.8813099366054,2,"Ito7","Ito","Intermittent"
23,22.992,22.6113438053259,2,"Ito7","Ito","Intermittent"
23,23.099,28.8770757668211,2,"Ito7","Ito","Intermittent"
23,23.208,25.7758253918663,2,"Ito7","Ito","Intermittent"
23,23.315,24.6630935270437,2,"Ito7","Ito","Intermittent"
23,23.432,24.5235724840825,2,"Ito7","Ito","Intermittent"
24,23.559,22.0646000138059,2,"Ito7","Ito","Intermittent"
24,23.699,22.8872930602524,2,"Ito7","Ito","Intermittent"
24,23.842,2.14006722921112,2,"Ito7","Ito","Intermittent"
9,9.357,4.84488792393397,3,"Ito8","Ito","Intermittent"
9,9.289,4.60018387362273,3,"Ito8","Ito","Intermittent"
9,9.361,5.03997843827078,3,"Ito8","Ito","Intermittent"
10,9.736,3.24043662499038,3,"Ito8","Ito","Intermittent"
10,9.603,6.80609418282373,3,"Ito8","Ito","Intermittent"
10,9.977,8.75910159466864,3,"Ito8","Ito","Intermittent"
11,10.818,6.17583409448115,3,"Ito8","Ito","Intermittent"
11,10.518,7.55197903720671,3,"Ito8","Ito","Intermittent"
11,11.126,7.23853080781391,3,"Ito8","Ito","Intermittent"
12,11.746,9.24956082952609,3,"Ito8","Ito","Intermittent"
12,12.401,10.7150521823754,3,"Ito8","Ito","Intermittent"
13,12.818,7.06950842254738,3,"Ito8","Ito","Intermittent"
13,13.033,10.3528313243976,3,"Ito8","Ito","Intermittent"
14,13.671,10.0540989743177,3,"Ito8","Ito","Intermittent"
14,14.311,14.3883458860504,3,"Ito8","Ito","Intermittent"
15,14.804,6.78549195178406,3,"Ito8","Ito","Intermittent"
15,14.911,12.9022523021605,3,"Ito8","Ito","Intermittent"
15,15.483,13.9607444785499,3,"Ito8","Ito","Intermittent"
16,16.029,13.5796032043098,3,"Ito8","Ito","Intermittent"
17,16.532,16.9190566743993,3,"Ito8","Ito","Intermittent"
18,18.011,12.6340028449493,3,"Ito8","Ito","Intermittent"
20,20.456,33.3756142846398,3,"Ito8","Ito","Intermittent"
20,20.385,24.124581867181,3,"Ito8","Ito","Intermittent"
20,20.333,19.1882452646531,3,"Ito8","Ito","Intermittent"
21,21.491,25.8471806543354,3,"Ito8","Ito","Intermittent"
21,21.436,23.9219231863424,3,"Ito8","Ito","Intermittent"
21,21.363,25.355880512087,3,"Ito8","Ito","Intermittent"
21,21.287,20.3091748147014,3,"Ito8","Ito","Intermittent"
21,21.204,24.6490978513123,3,"Ito8","Ito","Intermittent"
21,21.117,25.6232890619123,3,"Ito8","Ito","Intermittent"
21,21.032,25.9237032267702,3,"Ito8","Ito","Intermittent"
21,20.944,32.7070929100811,3,"Ito8","Ito","Intermittent"
21,20.859,33.7613805495201,3,"Ito8","Ito","Intermittent"
21,20.776,33.4262789548506,3,"Ito8","Ito","Intermittent"
21,20.686,33.2936258141759,3,"Ito8","Ito","Intermittent"
21,20.598,33.1479386089664,3,"Ito8","Ito","Intermittent"
21,20.523,29.3794121434439,3,"Ito8","Ito","Intermittent"
22,21.843,28.5235786478968,3,"Ito8","Ito","Intermittent"
22,21.774,24.6472058096853,3,"Ito8","Ito","Intermittent"
22,21.705,31.6143337575772,3,"Ito8","Ito","Intermittent"
22,21.643,24.1632636070952,3,"Ito8","Ito","Intermittent"
22,21.6,25.3644998128294,3,"Ito8","Ito","Intermittent"
22,21.583,33.1248136557574,3,"Ito8","Ito","Intermittent"
22,21.566,30.9500169199637,3,"Ito8","Ito","Intermittent"
22,21.554,21.5064167103376,3,"Ito8","Ito","Intermittent"
22,21.536,21.3140591450152,3,"Ito8","Ito","Intermittent"
22,21.517,26.2102424197029,3,"Ito8","Ito","Intermittent"
9,9.357,11.505456614508,3,"Ito9","Ito","Intermittent"
9,9.289,6.77429406439725,3,"Ito9","Ito","Intermittent"
9,9.361,7.56986008017467,3,"Ito9","Ito","Intermittent"
10,9.736,9.15847821026715,3,"Ito9","Ito","Intermittent"
10,9.603,13.6365746799398,3,"Ito9","Ito","Intermittent"
10,9.977,11.9031558256817,3,"Ito9","Ito","Intermittent"
11,10.818,12.5182237165385,3,"Ito9","Ito","Intermittent"
11,10.518,15.6837284365676,3,"Ito9","Ito","Intermittent"
11,11.126,11.7343892409125,3,"Ito9","Ito","Intermittent"
12,11.746,12.5731943618243,3,"Ito9","Ito","Intermittent"
12,12.401,12.1940980214651,3,"Ito9","Ito","Intermittent"
13,12.818,7.74767671020151,3,"Ito9","Ito","Intermittent"
13,13.033,11.204626406309,3,"Ito9","Ito","Intermittent"
14,13.671,12.7570443553576,3,"Ito9","Ito","Intermittent"
14,14.311,13.5914920470702,3,"Ito9","Ito","Intermittent"
15,14.804,9.76633958360042,3,"Ito9","Ito","Intermittent"
15,14.911,14.4016386913197,3,"Ito9","Ito","Intermittent"
15,15.483,16.6993446269227,3,"Ito9","Ito","Intermittent"
16,16.029,25.5688917625722,3,"Ito9","Ito","Intermittent"
17,16.532,1.55610500452879,3,"Ito9","Ito","Intermittent"
18,18.011,16.7293438510275,3,"Ito9","Ito","Intermittent"
20,20.456,28.1702769946947,3,"Ito9","Ito","Intermittent"
20,20.385,27.6160455191987,3,"Ito9","Ito","Intermittent"
20,20.333,28.3553001422443,3,"Ito9","Ito","Intermittent"
21,21.491,28.5104916591199,3,"Ito9","Ito","Intermittent"
21,21.436,21.4434118712,3,"Ito9","Ito","Intermittent"
21,21.363,25.4797320574129,3,"Ito9","Ito","Intermittent"
21,21.287,29.5901285400206,3,"Ito9","Ito","Intermittent"
21,21.204,28.0630171990154,3,"Ito9","Ito","Intermittent"
21,21.117,14.1847727919302,3,"Ito9","Ito","Intermittent"
21,21.032,20.729799043061,3,"Ito9","Ito","Intermittent"
21,20.944,5.24265770076304,3,"Ito9","Ito","Intermittent"
21,20.859,15.5675861890577,3,"Ito9","Ito","Intermittent"
21,20.776,27.7367127893405,3,"Ito9","Ito","Intermittent"
21,20.686,25.9499992241022,3,"Ito9","Ito","Intermittent"
21,20.598,41.0788258114545,3,"Ito9","Ito","Intermittent"
21,20.523,23.7369279710321,3,"Ito9","Ito","Intermittent"
22,21.843,29.5644867451154,3,"Ito9","Ito","Intermittent"
22,21.774,28.2332921246579,3,"Ito9","Ito","Intermittent"
22,21.705,20.8905211431501,3,"Ito9","Ito","Intermittent"
22,21.643,21.1050407345133,3,"Ito9","Ito","Intermittent"
22,21.6,29.2722038018849,3,"Ito9","Ito","Intermittent"
22,21.583,23.3031961722464,3,"Ito9","Ito","Intermittent"
22,21.566,27.7626897711081,3,"Ito9","Ito","Intermittent"
22,21.554,28.0496097245553,3,"Ito9","Ito","Intermittent"
22,21.536,28.4679229277095,3,"Ito9","Ito","Intermittent"
22,21.517,47.3401163843245,3,"Ito9","Ito","Intermittent"
18,17.606,23.4198814224726,3,"Ito10","Ito","Intermittent"
18,17.886,21.3313857183482,3,"Ito10","Ito","Intermittent"
18,18.229,20.6411689331412,3,"Ito10","Ito","Intermittent"
19,18.672,30.2783945376937,3,"Ito10","Ito","Intermittent"
19,18.539,19.0639940825022,3,"Ito10","Ito","Intermittent"
19,18.843,35.293969843526,3,"Ito10","Ito","Intermittent"
19,19.124,18.7078245234687,3,"Ito10","Ito","Intermittent"
19,19.395,18.6219898719768,3,"Ito10","Ito","Intermittent"
20,20.433,46.5987768989996,3,"Ito10","Ito","Intermittent"
20,19.636,19.9460852347065,3,"Ito10","Ito","Intermittent"
20,19.872,18.5071012233259,3,"Ito10","Ito","Intermittent"
20,20.096,20.3877944807938,3,"Ito10","Ito","Intermittent"
20,20.305,24.3788108108081,3,"Ito10","Ito","Intermittent"
21,20.675,43.328948620196,3,"Ito10","Ito","Intermittent"
21,20.923,26.6972312944489,3,"Ito10","Ito","Intermittent"
21,21.186,22.9309778662853,3,"Ito10","Ito","Intermittent"
21,21.451,20.6622588904677,3,"Ito10","Ito","Intermittent"
21,20.503,36.2413956187745,3,"Ito10","Ito","Intermittent"
21,20.697,19.7469842389752,3,"Ito10","Ito","Intermittent"
21,20.882,23.2498344238948,3,"Ito10","Ito","Intermittent"
21,21.058,21.5139687055445,3,"Ito10","Ito","Intermittent"
21,21.225,24.5723074822171,3,"Ito10","Ito","Intermittent"
21,21.385,48.5362508108093,3,"Ito10","Ito","Intermittent"
22,21.734,28.1369527169246,3,"Ito10","Ito","Intermittent"
22,22.02,24.1223392318606,3,"Ito10","Ito","Intermittent"
22,22.315,22.8377691038392,3,"Ito10","Ito","Intermittent"
22,22.412,30.5596431294418,3,"Ito10","Ito","Intermittent"
22,21.542,34.4222024466512,3,"Ito10","Ito","Intermittent"
22,21.689,14.1549009388304,3,"Ito10","Ito","Intermittent"
22,21.83,6.44585786628686,3,"Ito10","Ito","Intermittent"
22,21.962,11.9743763300136,3,"Ito10","Ito","Intermittent"
22,22.087,7.70211140824928,3,"Ito10","Ito","Intermittent"
22,22.205,4.84449593172017,3,"Ito10","Ito","Intermittent"
22,22.319,6.63198042674099,3,"Ito10","Ito","Intermittent"
22,22.441,4.29674697012713,3,"Ito10","Ito","Intermittent"
23,22.559,4.72857490753871,3,"Ito10","Ito","Intermittent"
23,22.67,7.02487305832003,3,"Ito10","Ito","Intermittent"
23,22.778,7.08740551920205,3,"Ito10","Ito","Intermittent"
23,22.888,9.03800534850511,3,"Ito10","Ito","Intermittent"
23,22.992,6.80379721194786,3,"Ito10","Ito","Intermittent"
23,23.099,7.1179343385485,3,"Ito10","Ito","Intermittent"
23,23.208,9.64179755334093,3,"Ito10","Ito","Intermittent"
23,23.315,9.05821041251657,3,"Ito10","Ito","Intermittent"
23,23.432,10.194118463725,3,"Ito10","Ito","Intermittent"
24,23.559,9.66775442389739,3,"Ito10","Ito","Intermittent"
24,23.699,9.73987322901662,3,"Ito10","Ito","Intermittent"
24,23.842,11.6727751920324,3,"Ito10","Ito","Intermittent"
18,17.606,14.38305862546,4,"Ito11","Ito","Intermittent"
18,17.886,14.1891094058728,4,"Ito11","Ito","Intermittent"
18,18.229,12.5887050955784,4,"Ito11","Ito","Intermittent"
19,18.672,10.2573277265729,4,"Ito11","Ito","Intermittent"
19,18.539,15.3750011340826,4,"Ito11","Ito","Intermittent"
19,18.843,13.5456289951088,4,"Ito11","Ito","Intermittent"
19,19.124,21.5788979208474,4,"Ito11","Ito","Intermittent"
19,19.395,14.6080397201812,4,"Ito11","Ito","Intermittent"
20,20.433,1.30064501646543,4,"Ito11","Ito","Intermittent"
20,19.636,15.5670108614741,4,"Ito11","Ito","Intermittent"
20,19.872,11.6586108380904,4,"Ito11","Ito","Intermittent"
20,20.096,9.62182078372501,4,"Ito11","Ito","Intermittent"
20,20.305,9.64649543443917,4,"Ito11","Ito","Intermittent"
21,20.675,1.8902506440109,4,"Ito11","Ito","Intermittent"
21,20.923,3.37514741908458,4,"Ito11","Ito","Intermittent"
21,21.186,14.1656200003897,4,"Ito11","Ito","Intermittent"
21,21.451,11.8806826945185,4,"Ito11","Ito","Intermittent"
21,20.503,7.43622857810939,4,"Ito11","Ito","Intermittent"
21,20.697,8.50715151893032,4,"Ito11","Ito","Intermittent"
21,20.882,8.6318177672984,4,"Ito11","Ito","Intermittent"
21,21.058,9.49068956137061,4,"Ito11","Ito","Intermittent"
21,21.225,10.9927185175079,4,"Ito11","Ito","Intermittent"
21,21.385,10.2326530758586,4,"Ito11","Ito","Intermittent"
22,21.734,28.0450571523216,4,"Ito11","Ito","Intermittent"
22,22.02,11.9389752099612,4,"Ito11","Ito","Intermittent"
22,22.315,10.9343182524988,4,"Ito11","Ito","Intermittent"
22,22.412,13.4834574952744,4,"Ito11","Ito","Intermittent"
22,21.542,10.5792834310877,4,"Ito11","Ito","Intermittent"
22,21.689,8.47547314639786,4,"Ito11","Ito","Intermittent"
22,21.83,9.08533569243366,4,"Ito11","Ito","Intermittent"
22,21.962,10.0899926498953,4,"Ito11","Ito","Intermittent"
22,22.087,10.7434937703383,4,"Ito11","Ito","Intermittent"
22,22.205,10.1155292971414,4,"Ito11","Ito","Intermittent"
22,22.319,5.70329230109712,4,"Ito11","Ito","Intermittent"
22,22.441,7.77057548276445,4,"Ito11","Ito","Intermittent"
23,22.559,11.0735306923358,4,"Ito11","Ito","Intermittent"
23,22.67,13.9160720045205,4,"Ito11","Ito","Intermittent"
23,22.778,6.61140564703118,4,"Ito11","Ito","Intermittent"
23,22.888,8.35770287028216,4,"Ito11","Ito","Intermittent"
23,22.992,7.78759991426146,4,"Ito11","Ito","Intermittent"
23,23.099,9.60824433835393,4,"Ito11","Ito","Intermittent"
23,23.208,7.43903006683661,4,"Ito11","Ito","Intermittent"
23,23.315,5.27455677624271,4,"Ito11","Ito","Intermittent"
23,23.432,10.3814552271082,4,"Ito11","Ito","Intermittent"
24,23.559,3.76218386172747,4,"Ito11","Ito","Intermittent"
24,23.699,5.41829469787034,4,"Ito11","Ito","Intermittent"
24,23.842,8.53947638886152,4,"Ito11","Ito","Intermittent"
18,17.606,17.590358115783,4,"Ito12","Ito","Intermittent"
18,17.886,18.2946122373791,4,"Ito12","Ito","Intermittent"
18,18.229,17.3960317242648,4,"Ito12","Ito","Intermittent"
19,18.672,24.7813895228052,4,"Ito12","Ito","Intermittent"
19,18.539,8.91526035387914,4,"Ito12","Ito","Intermittent"
19,18.843,12.7287367397688,4,"Ito12","Ito","Intermittent"
19,19.124,18.1698757022826,4,"Ito12","Ito","Intermittent"
19,19.395,8.90248828760597,4,"Ito12","Ito","Intermittent"
20,20.433,0.170572735552587,4,"Ito12","Ito","Intermittent"
20,19.636,15.7959424869774,4,"Ito12","Ito","Intermittent"
20,19.872,23.0976253466634,4,"Ito12","Ito","Intermittent"
20,20.096,16.4051819847106,4,"Ito12","Ito","Intermittent"
20,20.305,26.4862813225943,4,"Ito12","Ito","Intermittent"
21,20.675,7.2458199903802,4,"Ito12","Ito","Intermittent"
21,20.923,0.982374817073807,4,"Ito12","Ito","Intermittent"
21,21.186,12.3517817370568,4,"Ito12","Ito","Intermittent"
21,21.451,15.3806712854466,4,"Ito12","Ito","Intermittent"
21,20.503,14.4660958482146,4,"Ito12","Ito","Intermittent"
21,20.697,17.5970425616828,4,"Ito12","Ito","Intermittent"
21,20.882,16.4337102448906,4,"Ito12","Ito","Intermittent"
21,21.058,14.8743245085293,4,"Ito12","Ito","Intermittent"
21,21.225,15.5385913198315,4,"Ito12","Ito","Intermittent"
21,21.385,20.3521085583878,4,"Ito12","Ito","Intermittent"
22,21.734,25.2386772414215,4,"Ito12","Ito","Intermittent"
22,22.02,18.0296217034907,4,"Ito12","Ito","Intermittent"
22,22.315,17.613873041538,4,"Ito12","Ito","Intermittent"
22,22.412,16.3798765823754,4,"Ito12","Ito","Intermittent"
22,21.542,18.2154731725285,4,"Ito12","Ito","Intermittent"
22,21.689,24.7978619073442,4,"Ito12","Ito","Intermittent"
22,21.83,14.1908399152652,4,"Ito12","Ito","Intermittent"
22,21.962,13.393242281281,4,"Ito12","Ito","Intermittent"
22,22.087,24.5229640697111,4,"Ito12","Ito","Intermittent"
22,22.205,12.9955177502377,4,"Ito12","Ito","Intermittent"
22,22.319,13.764706489147,4,"Ito12","Ito","Intermittent"
22,22.441,13.8766709579701,4,"Ito12","Ito","Intermittent"
23,22.559,14.3562799512873,4,"Ito12","Ito","Intermittent"
23,22.67,14.9114470562947,4,"Ito12","Ito","Intermittent"
23,22.778,18.3305411340905,4,"Ito12","Ito","Intermittent"
23,22.888,15.3935627168245,4,"Ito12","Ito","Intermittent"
23,22.992,13.7043077458371,4,"Ito12","Ito","Intermittent"
23,23.099,19.5351737773351,4,"Ito12","Ito","Intermittent"
23,23.208,16.2469038550091,4,"Ito12","Ito","Intermittent"
23,23.315,10.3191133579619,4,"Ito12","Ito","Intermittent"
23,23.432,11.8219200343846,4,"Ito12","Ito","Intermittent"
24,23.559,22.8316798919321,4,"Ito12","Ito","Intermittent"
24,23.699,11.7618793863909,4,"Ito12","Ito","Intermittent"
24,23.842,12.8754364542501,4,"Ito12","Ito","Intermittent"
14,13.888,25.3116147774837,4,"Ito13","Ito","Intermittent"
14,14.101,24.9702987847994,4,"Ito13","Ito","Intermittent"
15,14.885,18.0510651331028,4,"Ito13","Ito","Intermittent"
15,14.88,22.1538729851652,4,"Ito13","Ito","Intermittent"
16,15.57,27.0572564600685,4,"Ito13","Ito","Intermittent"
16,16.149,23.8378881690709,4,"Ito13","Ito","Intermittent"
17,16.69,37.9750069660626,4,"Ito13","Ito","Intermittent"
17,17.17,25.7075413289975,4,"Ito13","Ito","Intermittent"
18,17.609,27.3951592928263,4,"Ito13","Ito","Intermittent"
18,18.004,20.5170731802467,4,"Ito13","Ito","Intermittent"
18,18.385,16.9326863970732,4,"Ito13","Ito","Intermittent"
19,18.873,19.2424475675672,4,"Ito13","Ito","Intermittent"
19,19.362,23.7284774314158,4,"Ito13","Ito","Intermittent"
19,18.74,16.9761093761425,4,"Ito13","Ito","Intermittent"
19,19.083,13.0864343995121,4,"Ito13","Ito","Intermittent"
19,19.413,14.9710675391176,4,"Ito13","Ito","Intermittent"
20,20.278,2.2889029709405,4,"Ito13","Ito","Intermittent"
20,19.658,21.0104644096727,4,"Ito13","Ito","Intermittent"
20,19.725,15.1904578744153,4,"Ito13","Ito","Intermittent"
20,20.012,16.7019188620192,4,"Ito13","Ito","Intermittent"
20,20.291,19.3452216053643,4,"Ito13","Ito","Intermittent"
21,20.663,3.32650358870133,4,"Ito13","Ito","Intermittent"
21,21.052,5.93965675269259,4,"Ito13","Ito","Intermittent"
21,21.452,24.9289616256857,4,"Ito13","Ito","Intermittent"
21,20.555,18.0076421540334,4,"Ito13","Ito","Intermittent"
21,20.798,18.6176496809589,4,"Ito13","Ito","Intermittent"
21,21.02,14.9153192603127,4,"Ito13","Ito","Intermittent"
21,21.224,15.9885684373096,4,"Ito13","Ito","Intermittent"
21,21.411,17.756585279414,4,"Ito13","Ito","Intermittent"
22,21.859,20.9078799918715,4,"Ito13","Ito","Intermittent"
22,22.267,49.354292542166,4,"Ito13","Ito","Intermittent"
22,21.587,18.906630554765,4,"Ito13","Ito","Intermittent"
22,21.748,17.8015252184515,4,"Ito13","Ito","Intermittent"
22,21.906,10.0367760048772,4,"Ito13","Ito","Intermittent"
22,22.06,13.6748252469007,4,"Ito13","Ito","Intermittent"
22,22.208,19.4874366023159,4,"Ito13","Ito","Intermittent"
22,22.35,24.4898017150982,4,"Ito13","Ito","Intermittent"
22,22.484,11.6348933306236,4,"Ito13","Ito","Intermittent"
23,22.617,14.7080646047555,4,"Ito13","Ito","Intermittent"
23,22.746,13.7047852062583,4,"Ito13","Ito","Intermittent"
23,22.877,16.9087942775853,4,"Ito13","Ito","Intermittent"
23,23.017,13.0913645194062,4,"Ito13","Ito","Intermittent"
23,23.15,9.28227804104856,4,"Ito13","Ito","Intermittent"
23,23.296,18.2695073684198,4,"Ito13","Ito","Intermittent"
23,23.462,6.62077177809361,4,"Ito13","Ito","Intermittent"
24,23.631,9.53523111562718,4,"Ito13","Ito","Intermittent"
24,23.834,15.0279535378983,4,"Ito13","Ito","Intermittent"
17,17.042,7.2611716022229,1,"Masu1","Masu","Intermittent"
17,16.824,11.5747844303612,1,"Masu1","Masu","Intermittent"
17,17.099,14.48796792965,1,"Masu1","Masu","Intermittent"
17,17.395,34.3929465925212,1,"Masu1","Masu","Intermittent"
18,18.437,8.21326988232073,1,"Masu1","Masu","Intermittent"
18,17.678,15.3345195913605,1,"Masu1","Masu","Intermittent"
18,17.957,27.479401008661,1,"Masu1","Masu","Intermittent"
18,18.241,12.5670678908555,1,"Masu1","Masu","Intermittent"
19,18.531,8.45728591749467,1,"Masu1","Masu","Intermittent"
19,18.84,41.3089129703827,1,"Masu1","Masu","Intermittent"
19,19.139,25.9826240786202,1,"Masu1","Masu","Intermittent"
19,19.42,29.5748402948386,1,"Masu1","Masu","Intermittent"
20,20.46,20.3634770464222,1,"Masu1","Masu","Intermittent"
20,20.388,21.4901145739011,1,"Masu1","Masu","Intermittent"
20,20.326,34.9022816500675,1,"Masu1","Masu","Intermittent"
20,20.278,19.2632261735394,1,"Masu1","Masu","Intermittent"
20,20.235,40.0619619811142,1,"Masu1","Masu","Intermittent"
20,20.198,21.8108697788678,1,"Masu1","Masu","Intermittent"
20,20.179,14.6976086900278,1,"Masu1","Masu","Intermittent"
20,20.174,59.4726145092439,1,"Masu1","Masu","Intermittent"
20,20.175,22.9229825423491,1,"Masu1","Masu","Intermittent"
20,20.205,17.1273596275689,1,"Masu1","Masu","Intermittent"
20,20.249,23.2955427389101,1,"Masu1","Masu","Intermittent"
20,20.293,19.7466587352877,1,"Masu1","Masu","Intermittent"
20,19.703,15.8373185051063,1,"Masu1","Masu","Intermittent"
20,19.978,17.4270539247341,1,"Masu1","Masu","Intermittent"
21,21.476,18.4265997672304,1,"Masu1","Masu","Intermittent"
21,21.389,24.6218957713683,1,"Masu1","Masu","Intermittent"
21,21.29,21.3136386913224,1,"Masu1","Masu","Intermittent"
21,21.186,20.9461621621612,1,"Masu1","Masu","Intermittent"
21,21.082,23.1936273115198,1,"Masu1","Masu","Intermittent"
21,20.974,25.6715520496562,1,"Masu1","Masu","Intermittent"
21,20.879,25.8078427518416,1,"Masu1","Masu","Intermittent"
21,20.792,22.4932916073956,1,"Masu1","Masu","Intermittent"
21,20.71,24.4231485839889,1,"Masu1","Masu","Intermittent"
21,20.62,24.0590611664276,1,"Masu1","Masu","Intermittent"
21,20.543,27.7447200310335,1,"Masu1","Masu","Intermittent"
22,21.615,28.027468770204,1,"Masu1","Masu","Intermittent"
22,21.554,24.8269370231467,1,"Masu1","Masu","Intermittent"
14,13.888,3.67990083316329,2,"Masu2","Masu","Intermittent"
14,14.101,4.52412680349435,2,"Masu2","Masu","Intermittent"
15,14.885,2.47447510668502,2,"Masu2","Masu","Intermittent"
15,14.88,6.52456289372011,2,"Masu2","Masu","Intermittent"
16,15.57,6.57648892501468,2,"Masu2","Masu","Intermittent"
16,16.149,7.81943263564112,2,"Masu2","Masu","Intermittent"
17,16.69,9.29818329607705,2,"Masu2","Masu","Intermittent"
17,17.17,11.5672367404982,2,"Masu2","Masu","Intermittent"
18,17.609,8.53141841089124,2,"Masu2","Masu","Intermittent"
18,18.004,9.90203739077188,2,"Masu2","Masu","Intermittent"
18,18.385,9.45296281243458,2,"Masu2","Masu","Intermittent"
19,18.873,10.7267197724023,2,"Masu2","Masu","Intermittent"
19,19.362,1.84836699857783,2,"Masu2","Masu","Intermittent"
19,18.74,10.3368465758976,2,"Masu2","Masu","Intermittent"
19,19.083,11.0974773420025,2,"Masu2","Masu","Intermittent"
19,19.413,10.993910587277,2,"Masu2","Masu","Intermittent"
20,20.278,14.078944523469,2,"Masu2","Masu","Intermittent"
20,19.658,8.71415809794656,2,"Masu2","Masu","Intermittent"
20,19.725,12.0093212761617,2,"Masu2","Masu","Intermittent"
20,20.012,13.0777992277975,2,"Masu2","Masu","Intermittent"
20,20.291,12.599765901239,2,"Masu2","Masu","Intermittent"
21,20.663,13.3675293639487,2,"Masu2","Masu","Intermittent"
21,21.052,14.0050497866274,2,"Masu2","Masu","Intermittent"
21,21.452,15.1241698841676,2,"Masu2","Masu","Intermittent"
21,20.555,16.5525637065601,2,"Masu2","Masu","Intermittent"
21,20.798,13.400482422269,2,"Masu2","Masu","Intermittent"
21,21.02,14.0093294045896,2,"Masu2","Masu","Intermittent"
21,21.224,15.6251704938001,2,"Masu2","Masu","Intermittent"
21,21.411,18.5923722820539,2,"Masu2","Masu","Intermittent"
22,21.859,16.6863730948973,2,"Masu2","Masu","Intermittent"
22,22.267,17.4340223531779,2,"Masu2","Masu","Intermittent"
22,21.587,16.4743893517557,2,"Masu2","Masu","Intermittent"
22,21.748,15.5444283682158,2,"Masu2","Masu","Intermittent"
22,21.906,15.6459979678892,2,"Masu2","Masu","Intermittent"
22,22.06,16.3621207071726,2,"Masu2","Masu","Intermittent"
22,22.208,19.0651274131246,2,"Masu2","Masu","Intermittent"
22,22.35,16.5731058727864,2,"Masu2","Masu","Intermittent"
22,22.484,20.1390262141816,2,"Masu2","Masu","Intermittent"
23,22.617,20.2431635846328,2,"Masu2","Masu","Intermittent"
23,22.746,17.1381580979453,2,"Masu2","Masu","Intermittent"
23,22.877,16.8424364966445,2,"Masu2","Masu","Intermittent"
23,23.017,19.2739727697585,2,"Masu2","Masu","Intermittent"
23,23.15,18.4866657183461,2,"Masu2","Masu","Intermittent"
23,23.296,19.4380247917079,2,"Masu2","Masu","Intermittent"
23,23.462,18.1184759195248,2,"Masu2","Masu","Intermittent"
24,23.631,19.2346002844925,2,"Masu2","Masu","Intermittent"
24,23.834,5.43939443202481,2,"Masu2","Masu","Intermittent"
14,13.888,1.52646554765334,2,"Masu3","Masu","Intermittent"
14,14.101,4.05054998577439,2,"Masu3","Masu","Intermittent"
15,14.885,6.31708130867701,2,"Masu3","Masu","Intermittent"
15,14.88,7.51793069701206,2,"Masu3","Masu","Intermittent"
16,15.57,6.69606145092326,2,"Masu3","Masu","Intermittent"
16,16.149,8.43726110952819,2,"Masu3","Masu","Intermittent"
17,16.69,9.22909314366865,2,"Masu3","Masu","Intermittent"
17,17.17,10.3008464295861,2,"Masu3","Masu","Intermittent"
18,17.609,10.0116583783772,2,"Masu3","Masu","Intermittent"
18,18.004,9.87713001422233,2,"Masu3","Masu","Intermittent"
18,18.385,10.0845145945922,2,"Masu3","Masu","Intermittent"
19,18.873,9.15240238975641,2,"Masu3","Masu","Intermittent"
19,19.362,22.0616930867699,2,"Masu3","Masu","Intermittent"
19,18.74,10.9549546514917,2,"Masu3","Masu","Intermittent"
19,19.083,11.6525209672816,2,"Masu3","Masu","Intermittent"
19,19.413,12.8703062304384,2,"Masu3","Masu","Intermittent"
20,20.278,31.213136842101,2,"Masu3","Masu","Intermittent"
20,19.658,5.62334953058171,2,"Masu3","Masu","Intermittent"
20,19.725,14.1222827880498,2,"Masu3","Masu","Intermittent"
20,20.012,13.0198532005668,2,"Masu3","Masu","Intermittent"
20,20.291,13.3163907823606,2,"Masu3","Masu","Intermittent"
21,20.663,24.581942987194,2,"Masu3","Masu","Intermittent"
21,21.052,35.1342711806507,2,"Masu3","Masu","Intermittent"
21,21.452,18.1709155049758,2,"Masu3","Masu","Intermittent"
21,20.555,15.453506458033,2,"Masu3","Masu","Intermittent"
21,20.798,15.8823355903234,2,"Masu3","Masu","Intermittent"
21,21.02,15.2611404836387,2,"Masu3","Masu","Intermittent"
21,21.224,18.751208876242,2,"Masu3","Masu","Intermittent"
21,21.411,16.6121759317189,2,"Masu3","Masu","Intermittent"
22,21.859,35.0802681081031,2,"Masu3","Masu","Intermittent"
22,22.267,16.915423954478,2,"Masu3","Masu","Intermittent"
22,21.587,16.0804533712634,2,"Masu3","Masu","Intermittent"
22,21.748,17.0336555334254,2,"Masu3","Masu","Intermittent"
22,21.906,17.2892913797965,2,"Masu3","Masu","Intermittent"
22,22.06,17.7507140825027,2,"Masu3","Masu","Intermittent"
22,22.208,16.2667479943076,2,"Masu3","Masu","Intermittent"
22,22.35,18.5502151920297,2,"Masu3","Masu","Intermittent"
22,22.484,24.4307982930265,2,"Masu3","Masu","Intermittent"
23,22.617,26.510715448075,2,"Masu3","Masu","Intermittent"
23,22.746,19.6034348790864,2,"Masu3","Masu","Intermittent"
23,22.877,31.5723052062551,2,"Masu3","Masu","Intermittent"
23,23.017,20.210889559028,2,"Masu3","Masu","Intermittent"
23,23.15,18.6029400853441,2,"Masu3","Masu","Intermittent"
23,23.296,20.6103205689889,2,"Masu3","Masu","Intermittent"
23,23.462,23.0522819914598,2,"Masu3","Masu","Intermittent"
24,23.631,23.3622404551892,2,"Masu3","Masu","Intermittent"
24,23.834,19.6782083641497,2,"Masu3","Masu","Intermittent"
14,13.888,19.2346002844925,2,"Masu4","Masu","Intermittent"
14,14.101,5.43939443202481,2,"Masu4","Masu","Intermittent"
15,14.885,19.2346002844925,2,"Masu4","Masu","Intermittent"
15,14.88,5.43939443202481,2,"Masu4","Masu","Intermittent"
16,15.57,19.2346002844925,2,"Masu4","Masu","Intermittent"
16,16.149,5.43939443202481,2,"Masu4","Masu","Intermittent"
17,16.69,19.2346002844925,2,"Masu4","Masu","Intermittent"
17,17.17,5.43939443202481,2,"Masu4","Masu","Intermittent"
18,17.609,19.2346002844925,2,"Masu4","Masu","Intermittent"
18,18.004,5.43939443202481,2,"Masu4","Masu","Intermittent"
18,18.385,NA,2,"Masu4","Masu","Intermittent"
19,18.873,19.2346002844925,2,"Masu4","Masu","Intermittent"
19,19.362,5.43939443202481,2,"Masu4","Masu","Intermittent"
19,18.74,NA,2,"Masu4","Masu","Intermittent"
19,19.083,NA,2,"Masu4","Masu","Intermittent"
19,19.413,NA,2,"Masu4","Masu","Intermittent"
20,20.278,19.2346002844925,2,"Masu4","Masu","Intermittent"
20,19.658,5.43939443202481,2,"Masu4","Masu","Intermittent"
20,19.725,NA,2,"Masu4","Masu","Intermittent"
20,20.012,NA,2,"Masu4","Masu","Intermittent"
20,20.291,NA,2,"Masu4","Masu","Intermittent"
21,20.663,19.2346002844925,2,"Masu4","Masu","Intermittent"
21,21.052,5.43939443202481,2,"Masu4","Masu","Intermittent"
21,21.452,NA,2,"Masu4","Masu","Intermittent"
21,20.555,NA,2,"Masu4","Masu","Intermittent"
21,20.798,NA,2,"Masu4","Masu","Intermittent"
21,21.02,NA,2,"Masu4","Masu","Intermittent"
21,21.224,NA,2,"Masu4","Masu","Intermittent"
21,21.411,NA,2,"Masu4","Masu","Intermittent"
22,21.859,19.2346002844925,2,"Masu4","Masu","Intermittent"
22,22.267,5.43939443202481,2,"Masu4","Masu","Intermittent"
22,21.587,NA,2,"Masu4","Masu","Intermittent"
22,21.748,NA,2,"Masu4","Masu","Intermittent"
22,21.906,NA,2,"Masu4","Masu","Intermittent"
22,22.06,NA,2,"Masu4","Masu","Intermittent"
22,22.208,NA,2,"Masu4","Masu","Intermittent"
22,22.35,NA,2,"Masu4","Masu","Intermittent"
22,22.484,NA,2,"Masu4","Masu","Intermittent"
23,22.617,19.2346002844925,2,"Masu4","Masu","Intermittent"
23,22.746,5.43939443202481,2,"Masu4","Masu","Intermittent"
23,22.877,NA,2,"Masu4","Masu","Intermittent"
23,23.017,NA,2,"Masu4","Masu","Intermittent"
23,23.15,NA,2,"Masu4","Masu","Intermittent"
23,23.296,NA,2,"Masu4","Masu","Intermittent"
23,23.462,NA,2,"Masu4","Masu","Intermittent"
24,23.631,19.2346002844925,2,"Masu4","Masu","Intermittent"
24,23.834,5.43939443202481,2,"Masu4","Masu","Intermittent"
9,9.357,4.91110938084786,3,"Masu5","Masu","Intermittent"
9,9.289,5.53821606647973,3,"Masu5","Masu","Intermittent"
9,9.361,5.74549973796328,3,"Masu5","Masu","Intermittent"
10,9.736,5.62945451822976,3,"Masu5","Masu","Intermittent"
10,9.603,6.68353193082084,3,"Masu5","Masu","Intermittent"
10,9.977,7.29823523246187,3,"Masu5","Masu","Intermittent"
11,10.818,5.4434037583277,3,"Masu5","Masu","Intermittent"
11,10.518,8.86526615257722,3,"Masu5","Masu","Intermittent"
11,11.126,9.14928262334133,3,"Masu5","Masu","Intermittent"
12,11.746,10.9727902972208,3,"Masu5","Masu","Intermittent"
12,12.401,10.9774152878628,3,"Masu5","Masu","Intermittent"
13,12.818,7.34637718050182,3,"Masu5","Masu","Intermittent"
13,13.033,15.8344963689426,3,"Masu5","Masu","Intermittent"
14,13.671,24.666967133334,3,"Masu5","Masu","Intermittent"
14,14.311,14.6526010331642,3,"Masu5","Masu","Intermittent"
15,14.804,8.61068144044069,3,"Masu5","Masu","Intermittent"
15,14.911,26.915343265698,3,"Masu5","Masu","Intermittent"
15,15.483,34.0945901025667,3,"Masu5","Masu","Intermittent"
16,16.029,18.9450128022726,3,"Masu5","Masu","Intermittent"
17,16.532,17.9231000973237,3,"Masu5","Masu","Intermittent"
18,18.011,15.6967977839327,3,"Masu5","Masu","Intermittent"
20,20.456,20.7699920640835,3,"Masu5","Masu","Intermittent"
20,20.385,22.4980567492658,3,"Masu5","Masu","Intermittent"
20,20.333,20.7668386613739,3,"Masu5","Masu","Intermittent"
21,21.491,28.8618336452766,3,"Masu5","Masu","Intermittent"
21,21.436,28.4462151680746,3,"Masu5","Masu","Intermittent"
21,21.363,29.6022526016278,3,"Masu5","Masu","Intermittent"
21,21.287,27.5443419929596,3,"Masu5","Masu","Intermittent"
21,21.204,27.5998418806597,3,"Masu5","Masu","Intermittent"
21,21.117,31.2264652242234,3,"Masu5","Masu","Intermittent"
21,21.032,22.8522889870461,3,"Masu5","Masu","Intermittent"
21,20.944,24.2162407726258,3,"Masu5","Masu","Intermittent"
21,20.859,22.1595915250393,3,"Masu5","Masu","Intermittent"
21,20.776,22.6241928576744,3,"Masu5","Masu","Intermittent"
21,20.686,24.4611550497841,3,"Masu5","Masu","Intermittent"
21,20.598,31.2834366998554,3,"Masu5","Masu","Intermittent"
21,20.523,38.1774057048723,3,"Masu5","Masu","Intermittent"
22,21.843,31.645867784679,3,"Masu5","Masu","Intermittent"
22,21.774,40.3854182825445,3,"Masu5","Masu","Intermittent"
22,21.705,28.022397843824,3,"Masu5","Masu","Intermittent"
22,21.643,40.8077640188632,3,"Masu5","Masu","Intermittent"
22,21.6,26.8209514112418,3,"Masu5","Masu","Intermittent"
22,21.583,26.4429635397142,3,"Masu5","Masu","Intermittent"
22,21.566,31.4333284420117,3,"Masu5","Masu","Intermittent"
22,21.554,30.0376324024835,3,"Masu5","Masu","Intermittent"
22,21.536,30.9958463726853,3,"Masu5","Masu","Intermittent"
22,21.517,31.8548332709416,3,"Masu5","Masu","Intermittent"
9,9.357,4.34862890134557,3,"Masu6","Masu","Intermittent"
9,9.289,5.05374211362901,3,"Masu6","Masu","Intermittent"
9,9.361,5.68531302819659,3,"Masu6","Masu","Intermittent"
10,9.736,5.87985942598947,3,"Masu6","Masu","Intermittent"
10,9.603,6.45809455275458,3,"Masu6","Masu","Intermittent"
10,9.977,8.51375449753085,3,"Masu6","Masu","Intermittent"
11,10.818,7.35141025855406,3,"Masu6","Masu","Intermittent"
11,10.518,7.42941678520376,3,"Masu6","Masu","Intermittent"
11,11.126,8.82695540121924,3,"Masu6","Masu","Intermittent"
12,11.746,9.74776135888031,3,"Masu6","Masu","Intermittent"
12,12.401,10.8048437787618,3,"Masu6","Masu","Intermittent"
13,12.818,7.43858020249075,3,"Masu6","Masu","Intermittent"
13,13.033,11.6481131286072,3,"Masu6","Masu","Intermittent"
14,13.671,12.4892678436925,3,"Masu6","Masu","Intermittent"
14,14.311,13.2477168437775,3,"Masu6","Masu","Intermittent"
15,14.804,9.94935653919859,3,"Masu6","Masu","Intermittent"
15,14.911,13.6687641201545,3,"Masu6","Masu","Intermittent"
15,15.483,14.8165408752398,3,"Masu6","Masu","Intermittent"
16,16.029,14.7545115889858,3,"Masu6","Masu","Intermittent"
17,16.532,17.2208805957627,3,"Masu6","Masu","Intermittent"
18,18.011,17.870073466654,3,"Masu6","Masu","Intermittent"
20,20.456,23.0427050455992,3,"Masu6","Masu","Intermittent"
20,20.385,22.7678025269812,3,"Masu6","Masu","Intermittent"
20,20.333,22.2814365325049,3,"Masu6","Masu","Intermittent"
21,21.491,31.1177903104305,3,"Masu6","Masu","Intermittent"
21,21.436,30.9979610074446,3,"Masu6","Masu","Intermittent"
21,21.363,30.3786079825914,3,"Masu6","Masu","Intermittent"
21,21.287,29.3064881599834,3,"Masu6","Masu","Intermittent"
21,21.204,28.8976587733221,3,"Masu6","Masu","Intermittent"
21,21.117,28.6915993640665,3,"Masu6","Masu","Intermittent"
21,21.032,25.5621748807612,3,"Masu6","Masu","Intermittent"
21,20.944,25.2172544556916,3,"Masu6","Masu","Intermittent"
21,20.859,24.6566412852449,3,"Masu6","Masu","Intermittent"
21,20.776,25.8030082838218,3,"Masu6","Masu","Intermittent"
21,20.686,23.5845214626368,3,"Masu6","Masu","Intermittent"
21,20.598,23.0001773910115,3,"Masu6","Masu","Intermittent"
21,20.523,22.6319959835989,3,"Masu6","Masu","Intermittent"
22,21.843,30.2700567316511,3,"Masu6","Masu","Intermittent"
22,21.774,29.7681834156106,3,"Masu6","Masu","Intermittent"
22,21.705,29.6497638691291,3,"Masu6","Masu","Intermittent"
22,21.643,30.8003601372246,3,"Masu6","Masu","Intermittent"
22,21.6,30.0545989456917,3,"Masu6","Masu","Intermittent"
22,21.583,31.2841415781073,3,"Masu6","Masu","Intermittent"
22,21.566,31.7326791063473,3,"Masu6","Masu","Intermittent"
22,21.554,32.2918825202888,3,"Masu6","Masu","Intermittent"
22,21.536,32.7852972972937,3,"Masu6","Masu","Intermittent"
22,21.517,32.7928159986587,3,"Masu6","Masu","Intermittent"
11,10.972,3.67910837722432,3,"Masu7","Masu","Intermittent"
11,10.675,4.31957233478062,3,"Masu7","Masu","Intermittent"
11,10.563,5.68312267886541,3,"Masu7","Masu","Intermittent"
11,10.543,5.77594679174159,3,"Masu7","Masu","Intermittent"
11,10.657,4.83290761600765,3,"Masu7","Masu","Intermittent"
11,10.817,5.41249778939587,3,"Masu7","Masu","Intermittent"
11,11.081,6.7313176732912,3,"Masu7","Masu","Intermittent"
12,11.661,3.91206551074509,3,"Masu7","Masu","Intermittent"
12,11.529,7.54464972511532,3,"Masu7","Masu","Intermittent"
12,11.983,8.0573123678435,3,"Masu7","Masu","Intermittent"
12,12.452,8.30069539809983,3,"Masu7","Masu","Intermittent"
13,13.083,5.80038599054222,3,"Masu7","Masu","Intermittent"
13,12.921,8.32434985198475,3,"Masu7","Masu","Intermittent"
13,13.36,8.05316443043207,3,"Masu7","Masu","Intermittent"
14,14.369,7.2418502941055,3,"Masu7","Masu","Intermittent"
14,13.792,8.64127469147643,3,"Masu7","Masu","Intermittent"
14,14.211,10.1730967667511,3,"Masu7","Masu","Intermittent"
15,14.614,8.98398400676457,3,"Masu7","Masu","Intermittent"
16,16.073,10.6547059321042,3,"Masu7","Masu","Intermittent"
18,17.917,13.2677943946772,3,"Masu7","Masu","Intermittent"
20,20.457,13.9372939141126,3,"Masu7","Masu","Intermittent"
22,22.319,19.3916073968686,3,"Masu7","Masu","Intermittent"
22,22.307,18.6579830071876,3,"Masu7","Masu","Intermittent"
22,22.275,18.2076515320426,3,"Masu7","Masu","Intermittent"
22,22.244,15.851847295374,3,"Masu7","Masu","Intermittent"
22,22.221,15.9084610357141,3,"Masu7","Masu","Intermittent"
22,22.221,21.6165834454633,3,"Masu7","Masu","Intermittent"
22,22.228,19.1444127484508,3,"Masu7","Masu","Intermittent"
22,22.243,17.0964527315356,3,"Masu7","Masu","Intermittent"
22,22.257,16.7904022144461,3,"Masu7","Masu","Intermittent"
22,22.262,17.2406215831752,3,"Masu7","Masu","Intermittent"
22,22.261,17.1660708161914,3,"Masu7","Masu","Intermittent"
22,22.24,17.8737986236582,3,"Masu7","Masu","Intermittent"
22,22.225,17.7037331898021,3,"Masu7","Masu","Intermittent"
22,22.197,17.4718971204473,3,"Masu7","Masu","Intermittent"
22,22.166,18.0123621544719,3,"Masu7","Masu","Intermittent"
22,22.134,17.7723423167106,3,"Masu7","Masu","Intermittent"
22,22.096,17.1999269539797,3,"Masu7","Masu","Intermittent"
22,22.048,18.17973703433,3,"Masu7","Masu","Intermittent"
22,22.014,16.5577814001748,3,"Masu7","Masu","Intermittent"
22,21.968,18.604284033676,3,"Masu7","Masu","Intermittent"
22,21.91,17.9751428241879,3,"Masu7","Masu","Intermittent"
22,21.86,16.1033019876195,3,"Masu7","Masu","Intermittent"
22,21.831,18.3920665872125,3,"Masu7","Masu","Intermittent"
22,21.791,16.7073313598071,3,"Masu7","Masu","Intermittent"
22,21.753,16.1683237091975,3,"Masu7","Masu","Intermittent"
22,21.719,16.8771725808296,3,"Masu7","Masu","Intermittent"
11,10.972,6.64901123264632,3,"Masu9","Masu","Intermittent"
11,10.675,4.83890008338484,3,"Masu9","Masu","Intermittent"
11,10.563,3.71856496787075,3,"Masu9","Masu","Intermittent"
11,10.543,5.44548427919685,3,"Masu9","Masu","Intermittent"
11,10.657,3.38965419139557,3,"Masu9","Masu","Intermittent"
11,10.817,12.9275157698499,3,"Masu9","Masu","Intermittent"
11,11.081,7.0459630156457,3,"Masu9","Masu","Intermittent"
12,11.661,7.26909344189803,3,"Masu9","Masu","Intermittent"
12,11.529,9.30729347132887,3,"Masu9","Masu","Intermittent"
12,11.983,9.68523784764663,3,"Masu9","Masu","Intermittent"
12,12.452,9.02576347672319,3,"Masu9","Masu","Intermittent"
13,13.083,7.33768538774651,3,"Masu9","Masu","Intermittent"
13,12.921,12.9812323539494,3,"Masu9","Masu","Intermittent"
13,13.36,10.1257138372475,3,"Masu9","Masu","Intermittent"
14,14.369,9.38084387109291,3,"Masu9","Masu","Intermittent"
14,13.792,14.9103463972131,3,"Masu9","Masu","Intermittent"
14,14.211,15.7243592485376,3,"Masu9","Masu","Intermittent"
15,14.614,16.097069701277,3,"Masu9","Masu","Intermittent"
16,16.073,14.6682085642782,3,"Masu9","Masu","Intermittent"
18,17.917,27.5786452150842,3,"Masu9","Masu","Intermittent"
20,20.457,43.0049462893002,3,"Masu9","Masu","Intermittent"
22,22.319,40.0444738313593,3,"Masu9","Masu","Intermittent"
22,22.307,38.9370857899604,3,"Masu9","Masu","Intermittent"
22,22.275,35.2449659096447,3,"Masu9","Masu","Intermittent"
22,22.244,36.7297473880388,3,"Masu9","Masu","Intermittent"
22,22.221,44.3431779074856,3,"Masu9","Masu","Intermittent"
22,22.221,32.9464470495869,3,"Masu9","Masu","Intermittent"
22,22.228,33.5006920096106,3,"Masu9","Masu","Intermittent"
22,22.243,33.0866611075662,3,"Masu9","Masu","Intermittent"
22,22.257,35.5510127041706,3,"Masu9","Masu","Intermittent"
22,22.262,33.6114308137519,3,"Masu9","Masu","Intermittent"
22,22.261,33.182249080293,3,"Masu9","Masu","Intermittent"
22,22.24,32.6516945112058,3,"Masu9","Masu","Intermittent"
22,22.225,29.7347462598672,3,"Masu9","Masu","Intermittent"
22,22.197,31.8170214352251,3,"Masu9","Masu","Intermittent"
22,22.166,34.8672970029892,3,"Masu9","Masu","Intermittent"
22,22.134,29.2411046254937,3,"Masu9","Masu","Intermittent"
22,22.096,30.4451825182694,3,"Masu9","Masu","Intermittent"
22,22.048,34.9025571197292,3,"Masu9","Masu","Intermittent"
22,22.014,29.1168678079127,3,"Masu9","Masu","Intermittent"
22,21.968,28.5887924657836,3,"Masu9","Masu","Intermittent"
22,21.91,29.8975488301339,3,"Masu9","Masu","Intermittent"
22,21.86,39.1445144454771,3,"Masu9","Masu","Intermittent"
22,21.831,29.773036542894,3,"Masu9","Masu","Intermittent"
22,21.791,32.8850173149514,3,"Masu9","Masu","Intermittent"
22,21.753,30.9286317751454,3,"Masu9","Masu","Intermittent"
22,21.719,26.8613222151346,3,"Masu9","Masu","Intermittent"
18,17.606,13.9384304003247,4,"Masu10","Masu","Intermittent"
18,17.886,15.8855614712455,4,"Masu10","Masu","Intermittent"
18,18.229,16.1636415362727,4,"Masu10","Masu","Intermittent"
19,18.672,15.6519894330416,4,"Masu10","Masu","Intermittent"
19,18.539,14.3559309083516,4,"Masu10","Masu","Intermittent"
19,18.843,14.5075244868925,4,"Masu10","Masu","Intermittent"
19,19.124,13.2278236130864,4,"Masu10","Masu","Intermittent"
19,19.395,13.7602080877865,4,"Masu10","Masu","Intermittent"
20,20.433,0.355303393618907,4,"Masu10","Masu","Intermittent"
20,19.636,11.6318114204426,4,"Masu10","Masu","Intermittent"
20,19.872,13.9831286323911,4,"Masu10","Masu","Intermittent"
20,20.096,18.0953659825235,4,"Masu10","Masu","Intermittent"
20,20.305,14.4150847388735,4,"Masu10","Masu","Intermittent"
21,20.675,3.39269091648051,4,"Masu10","Masu","Intermittent"
21,20.923,0.284737248526659,4,"Masu10","Masu","Intermittent"
21,21.186,17.0235594391382,4,"Masu10","Masu","Intermittent"
21,21.451,13.5178866084127,4,"Masu10","Masu","Intermittent"
21,20.503,16.3555586262953,4,"Masu10","Masu","Intermittent"
21,20.697,12.1031400121923,4,"Masu10","Masu","Intermittent"
21,20.882,29.1715878886399,4,"Masu10","Masu","Intermittent"
21,21.058,15.6751944726678,4,"Masu10","Masu","Intermittent"
21,21.225,15.2234570209302,4,"Masu10","Masu","Intermittent"
21,21.385,16.6650225563909,4,"Masu10","Masu","Intermittent"
22,21.734,19.0933728916883,4,"Masu10","Masu","Intermittent"
22,22.02,16.3161861410281,4,"Masu10","Masu","Intermittent"
22,22.315,14.3768534850638,4,"Masu10","Masu","Intermittent"
22,22.412,13.9040032513715,4,"Masu10","Masu","Intermittent"
22,21.542,15.3535574070307,4,"Masu10","Masu","Intermittent"
22,21.689,14.8202219061163,4,"Masu10","Masu","Intermittent"
22,21.83,12.3897793131472,4,"Masu10","Masu","Intermittent"
22,21.962,12.2927746393002,4,"Masu10","Masu","Intermittent"
22,22.087,16.4042511684612,4,"Masu10","Masu","Intermittent"
22,22.205,16.8763405811821,4,"Masu10","Masu","Intermittent"
22,22.319,13.7858857955698,4,"Masu10","Masu","Intermittent"
22,22.441,13.1894021540334,4,"Masu10","Masu","Intermittent"
23,22.559,12.980937207884,4,"Masu10","Masu","Intermittent"
23,22.67,13.5020995732568,4,"Masu10","Masu","Intermittent"
23,22.778,13.2713806136959,4,"Masu10","Masu","Intermittent"
23,22.888,17.2042544198321,4,"Masu10","Masu","Intermittent"
23,22.992,14.3934013411902,4,"Masu10","Masu","Intermittent"
23,23.099,18.3447250558816,4,"Masu10","Masu","Intermittent"
23,23.208,14.1136094289764,4,"Masu10","Masu","Intermittent"
23,23.315,8.90883316399042,4,"Masu10","Masu","Intermittent"
23,23.432,10.33156838041,4,"Masu10","Masu","Intermittent"
24,23.559,10.1889144482825,4,"Masu10","Masu","Intermittent"
24,23.699,11.2148815281443,4,"Masu10","Masu","Intermittent"
24,23.842,11.1703735013205,4,"Masu10","Masu","Intermittent"
14,13.888,27.3236229147802,4,"Masu11","Masu","Intermittent"
14,14.101,36.4455378249052,4,"Masu11","Masu","Intermittent"
15,14.885,31.7282575973086,4,"Masu11","Masu","Intermittent"
15,14.88,30.6073089357292,4,"Masu11","Masu","Intermittent"
16,15.57,40.4525570929769,4,"Masu11","Masu","Intermittent"
16,16.149,32.6346028708132,4,"Masu11","Masu","Intermittent"
17,16.69,42.3117268847779,4,"Masu11","Masu","Intermittent"
17,17.17,42.5688152075502,4,"Masu11","Masu","Intermittent"
18,17.609,38.1180643993264,4,"Masu11","Masu","Intermittent"
18,18.004,29.2910021983687,4,"Masu11","Masu","Intermittent"
18,18.385,34.2330531488417,4,"Masu11","Masu","Intermittent"
19,18.873,40.6893107461527,4,"Masu11","Masu","Intermittent"
19,19.362,30.291758437863,4,"Masu11","Masu","Intermittent"
19,18.74,15.9641681106935,4,"Masu11","Masu","Intermittent"
19,19.083,14.1772590197845,4,"Masu11","Masu","Intermittent"
19,19.413,23.1383121686268,4,"Masu11","Masu","Intermittent"
20,20.278,0.494568214146595,4,"Masu11","Masu","Intermittent"
20,19.658,35.1459345661452,4,"Masu11","Masu","Intermittent"
20,19.725,24.460791930686,4,"Masu11","Masu","Intermittent"
20,20.012,22.9781766455445,4,"Masu11","Masu","Intermittent"
20,20.291,29.073130738393,4,"Masu11","Masu","Intermittent"
21,20.663,0.742215440320875,4,"Masu11","Masu","Intermittent"
21,21.052,5.15738057674843,4,"Masu11","Masu","Intermittent"
21,21.452,47.6789903013051,4,"Masu11","Masu","Intermittent"
21,20.555,25.799612052243,4,"Masu11","Masu","Intermittent"
21,20.798,24.4477196430874,4,"Masu11","Masu","Intermittent"
21,21.02,23.1143463080295,4,"Masu11","Masu","Intermittent"
21,21.224,21.101577136945,4,"Masu11","Masu","Intermittent"
21,21.411,23.4662087158909,4,"Masu11","Masu","Intermittent"
22,21.859,32.8314134229919,4,"Masu11","Masu","Intermittent"
22,22.267,28.8777726626143,4,"Masu11","Masu","Intermittent"
22,21.587,25.8893024699327,4,"Masu11","Masu","Intermittent"
22,21.748,27.2767805508843,4,"Masu11","Masu","Intermittent"
22,21.906,23.9756648131373,4,"Masu11","Masu","Intermittent"
22,22.06,21.4690536661051,4,"Masu11","Masu","Intermittent"
22,22.208,22.4160682788034,4,"Masu11","Masu","Intermittent"
22,22.35,23.5526310616827,4,"Masu11","Masu","Intermittent"
22,22.484,24.3249853872989,4,"Masu11","Masu","Intermittent"
23,22.617,24.2843160481035,4,"Masu11","Masu","Intermittent"
23,22.746,21.9570857364535,4,"Masu11","Masu","Intermittent"
23,22.877,23.156105004523,4,"Masu11","Masu","Intermittent"
23,23.017,18.0157910254733,4,"Masu11","Masu","Intermittent"
23,23.15,19.1686941678511,4,"Masu11","Masu","Intermittent"
23,23.296,21.5718163713937,4,"Masu11","Masu","Intermittent"
23,23.462,21.9200475882574,4,"Masu11","Masu","Intermittent"
24,23.631,20.2231920341379,4,"Masu11","Masu","Intermittent"
24,23.834,26.5247608948652,4,"Masu11","Masu","Intermittent"
14,13.888,21.9786913229011,4,"Masu12","Masu","Intermittent"
14,14.101,29.123656167445,4,"Masu12","Masu","Intermittent"
15,14.885,25.1299166835998,4,"Masu12","Masu","Intermittent"
15,14.88,25.3664369030683,4,"Masu12","Masu","Intermittent"
16,15.57,30.7661735419624,4,"Masu12","Masu","Intermittent"
16,16.149,23.9039487908953,4,"Masu12","Masu","Intermittent"
17,16.69,33.3396504775443,4,"Masu12","Masu","Intermittent"
17,17.17,32.8072660028434,4,"Masu12","Masu","Intermittent"
18,17.609,32.6223865068065,4,"Masu12","Masu","Intermittent"
18,18.004,24.5496004877041,4,"Masu12","Masu","Intermittent"
18,18.385,27.0651599268434,4,"Masu12","Masu","Intermittent"
19,18.873,23.4862580776263,4,"Masu12","Masu","Intermittent"
19,19.362,22.9230603535864,4,"Masu12","Masu","Intermittent"
19,18.74,16.8751042471037,4,"Masu12","Masu","Intermittent"
19,19.083,13.15497500508,4,"Masu12","Masu","Intermittent"
19,19.413,24.9356220280424,4,"Masu12","Masu","Intermittent"
20,20.278,1.626254826255,4,"Masu12","Masu","Intermittent"
20,19.658,25.6391912212959,4,"Masu12","Masu","Intermittent"
20,19.725,23.4060865677698,4,"Masu12","Masu","Intermittent"
20,20.012,22.6942434464526,4,"Masu12","Masu","Intermittent"
20,20.291,24.0388994106882,4,"Masu12","Masu","Intermittent"
21,20.663,0.124108920950948,4,"Masu12","Masu","Intermittent"
21,21.052,3.18118268644564,4,"Masu12","Masu","Intermittent"
21,21.452,24.9515992684413,4,"Masu12","Masu","Intermittent"
21,20.555,28.7713009550902,4,"Masu12","Masu","Intermittent"
21,20.798,24.9812712863237,4,"Masu12","Masu","Intermittent"
21,21.02,21.8460231660227,4,"Masu12","Masu","Intermittent"
21,21.224,18.3664084535655,4,"Masu12","Masu","Intermittent"
21,21.411,21.7555805730526,4,"Masu12","Masu","Intermittent"
22,21.859,20.2865303800038,4,"Masu12","Masu","Intermittent"
22,22.267,23.2012355212352,4,"Masu12","Masu","Intermittent"
22,21.587,20.301651696809,4,"Masu12","Masu","Intermittent"
22,21.748,20.9875318024785,4,"Masu12","Masu","Intermittent"
22,21.906,21.473411095305,4,"Masu12","Masu","Intermittent"
22,22.06,21.9299036781131,4,"Masu12","Masu","Intermittent"
22,22.208,22.1510172729106,4,"Masu12","Masu","Intermittent"
22,22.35,23.4297671205026,4,"Masu12","Masu","Intermittent"
22,22.484,22.3775517171289,4,"Masu12","Masu","Intermittent"
23,22.617,22.4214891282239,4,"Masu12","Masu","Intermittent"
23,22.746,23.2063710627907,4,"Masu12","Masu","Intermittent"
23,22.877,27.2280707173314,4,"Masu12","Masu","Intermittent"
23,23.017,18.2086332046314,4,"Masu12","Masu","Intermittent"
23,23.15,16.3481406218237,4,"Masu12","Masu","Intermittent"
23,23.296,17.0377297297284,4,"Masu12","Masu","Intermittent"
23,23.462,18.2534265393207,4,"Masu12","Masu","Intermittent"
24,23.631,19.5433033936182,4,"Masu12","Masu","Intermittent"
24,23.834,23.9082284088589,4,"Masu12","Masu","Intermittent"
14,13.888,28.9515085348502,4,"Masu13","Masu","Intermittent"
14,14.101,44.7143044096719,4,"Masu13","Masu","Intermittent"
15,14.885,32.0266280227582,4,"Masu13","Masu","Intermittent"
15,14.88,31.748524182076,4,"Masu13","Masu","Intermittent"
16,15.57,32.3416792318625,4,"Masu13","Masu","Intermittent"
16,16.149,30.4496244665711,4,"Masu13","Masu","Intermittent"
17,16.69,73.5609623044072,4,"Masu13","Masu","Intermittent"
17,17.17,40.9401806543361,4,"Masu13","Masu","Intermittent"
18,17.609,78.5573449502121,4,"Masu13","Masu","Intermittent"
18,18.004,28.4786820768113,4,"Masu13","Masu","Intermittent"
18,18.385,72.4143456614493,4,"Masu13","Masu","Intermittent"
19,18.873,69.2096607396865,4,"Masu13","Masu","Intermittent"
19,19.362,61.3181522048353,4,"Masu13","Masu","Intermittent"
19,18.74,19.9603165007097,4,"Masu13","Masu","Intermittent"
19,19.083,18.1274274537695,4,"Masu13","Masu","Intermittent"
19,19.413,26.3779246088185,4,"Masu13","Masu","Intermittent"
20,20.278,7.78965362731139,4,"Masu13","Masu","Intermittent"
20,19.658,61.2592361308668,4,"Masu13","Masu","Intermittent"
20,19.725,26.4390874822183,4,"Masu13","Masu","Intermittent"
20,20.012,26.7336678520614,4,"Masu13","Masu","Intermittent"
20,20.291,27.2511806543379,4,"Masu13","Masu","Intermittent"
21,20.663,2.01712660028421,4,"Masu13","Masu","Intermittent"
21,21.052,3.75440184921779,4,"Masu13","Masu","Intermittent"
21,21.452,70.6493598862014,4,"Masu13","Masu","Intermittent"
21,20.555,28.0795007112366,4,"Masu13","Masu","Intermittent"
21,20.798,22.8611842105253,4,"Masu13","Masu","Intermittent"
21,21.02,26.3324893314357,4,"Masu13","Masu","Intermittent"
21,21.224,24.973425320056,4,"Masu13","Masu","Intermittent"
21,21.411,28.2035739687035,4,"Masu13","Masu","Intermittent"
22,21.859,65.8636770981504,4,"Masu13","Masu","Intermittent"
22,22.267,39.4969864864861,4,"Masu13","Masu","Intermittent"
22,21.587,25.5411166429571,4,"Masu13","Masu","Intermittent"
22,21.748,70.0292432432411,4,"Masu13","Masu","Intermittent"
22,21.906,29.3372091038393,4,"Masu13","Masu","Intermittent"
22,22.06,28.5410931721182,4,"Masu13","Masu","Intermittent"
22,22.208,25.5730711237535,4,"Masu13","Masu","Intermittent"
22,22.35,30.1695234708369,4,"Masu13","Masu","Intermittent"
22,22.484,27.9217254623019,4,"Masu13","Masu","Intermittent"
23,22.617,28.4539672830691,4,"Masu13","Masu","Intermittent"
23,22.746,28.112953058319,4,"Masu13","Masu","Intermittent"
23,22.877,30.2354295874781,4,"Masu13","Masu","Intermittent"
23,23.017,25.1424345661417,4,"Masu13","Masu","Intermittent"
23,23.15,20.6855334281632,4,"Masu13","Masu","Intermittent"
23,23.296,29.2046479374087,4,"Masu13","Masu","Intermittent"
23,23.462,24.8867987197712,4,"Masu13","Masu","Intermittent"
24,23.631,24.0290206258869,4,"Masu13","Masu","Intermittent"
24,23.834,31.6718833570396,4,"Masu13","Masu","Intermittent"
18,17.606,0.0181892893314365,4,"Blank","Blank","Intermittent"
18,17.886,0.0236614941678502,4,"Blank","Blank","Intermittent"
18,18.229,0.0228770116642933,4,"Blank","Blank","Intermittent"
19,18.672,0.0193859846372667,4,"Blank","Blank","Intermittent"
19,18.539,0.0244260051209084,4,"Blank","Blank","Intermittent"
19,18.843,0.024595363869131,4,"Blank","Blank","Intermittent"
19,19.124,0.0175853496443798,4,"Blank","Blank","Intermittent"
19,19.395,0.0253950247510657,4,"Blank","Blank","Intermittent"
20,20.433,0.00360526429587481,4,"Blank","Blank","Intermittent"
20,19.636,0.0219191761024165,4,"Blank","Blank","Intermittent"
20,19.872,0.0190544568990027,4,"Blank","Blank","Intermittent"
20,20.096,0.0201736625889035,4,"Blank","Blank","Intermittent"
20,20.305,0.0213647658605958,4,"Blank","Blank","Intermittent"
21,20.675,0.00163606941678348,4,"Blank","Blank","Intermittent"
21,20.923,3.4351066857383e-05,4,"Blank","Blank","Intermittent"
21,21.186,0.0136637359886192,4,"Blank","Blank","Intermittent"
21,21.451,0.0133561741109521,4,"Blank","Blank","Intermittent"
21,20.503,0.0226948711237542,4,"Blank","Blank","Intermittent"
21,20.697,0.022593415647225,4,"Blank","Blank","Intermittent"
21,20.882,0.0243293428164991,4,"Blank","Blank","Intermittent"
21,21.058,0.025576366429586,4,"Blank","Blank","Intermittent"
21,21.225,0.028075206827879,4,"Blank","Blank","Intermittent"
21,21.385,0.0240225798008517,4,"Blank","Blank","Intermittent"
22,21.734,0.0128472990042663,4,"Blank","Blank","Intermittent"
22,22.02,0.0116090628733982,4,"Blank","Blank","Intermittent"
22,22.315,0.015660891038406,4,"Blank","Blank","Intermittent"
22,22.412,0.0153253689900418,4,"Blank","Blank","Intermittent"
22,21.542,0.0239402970128002,4,"Blank","Blank","Intermittent"
22,21.689,0.0247024113798,4,"Blank","Blank","Intermittent"
22,21.83,0.0173488864864865,4,"Blank","Blank","Intermittent"
22,21.962,0.0202056170696996,4,"Blank","Blank","Intermittent"
22,22.087,0.0236327351351346,4,"Blank","Blank","Intermittent"
22,22.205,0.0261267823613068,4,"Blank","Blank","Intermittent"
22,22.319,0.0238771869132277,4,"Blank","Blank","Intermittent"
22,22.441,0.0286400022759585,4,"Blank","Blank","Intermittent"
23,22.559,0.0285585183499251,4,"Blank","Blank","Intermittent"
23,22.67,0.0258839283072521,4,"Blank","Blank","Intermittent"
23,22.778,0.027541566998574,4,"Blank","Blank","Intermittent"
23,22.888,0.0295451129445187,4,"Blank","Blank","Intermittent"
23,22.992,0.0306930776671383,4,"Blank","Blank","Intermittent"
23,23.099,0.0389509143669935,4,"Blank","Blank","Intermittent"
23,23.208,0.0197870133712618,4,"Blank","Blank","Intermittent"
23,23.315,0.0111553092460873,4,"Blank","Blank","Intermittent"
23,23.432,0.01243268961593,4,"Blank","Blank","Intermittent"
24,23.559,0.014410671977239,4,"Blank","Blank","Intermittent"
24,23.699,0.0161002651493579,4,"Blank","Blank","Intermittent"
24,23.842,0.0172969604551914,4,"Blank","Blank","Intermittent"
10,9.95,0.002663715,1,"Masu14","Masu","Static"
10,9.6,0.002400517,1,"Masu15","Masu","Static"
11,10.6,0.0032652,2,"Masu14","Masu","Static"
10,10.2,0.002408646,2,"Masu15","Masu","Static"
12,11.75,0.003317536,3,"Masu14","Masu","Static"
11,11.4,0.003004589,3,"Masu15","Masu","Static"
14,13.65,0.003886404,4,"Masu14","Masu","Static"
14,13.6,0.003280497,4,"Masu15","Masu","Static"
18,17.55,0.006452111,5,"Masu14","Masu","Static"
18,18.1,0.005278897,5,"Masu15","Masu","Static"
20,19.75,0.006354864,6,"Masu14","Masu","Static"
20,19.5,0.00641931,6,"Masu15","Masu","Static"
20,20,0.006544209,7,"Masu15","Masu","Static"
21,20.6,0.008213123,7,"Masu14","Masu","Static"
20,20.05,0.007537104,8,"Masu14","Masu","Static"
19,19.45,0.006455172,8,"Masu15","Masu","Static"
14,14.05,0.004631109,1,"Masu16","Masu","Static"
14,14,0.005024936,1,"Masu17","Masu","Static"
14,13.8,0.004053089,1,"Masu18","Masu","Static"
15,14.8,0.00472395,2,"Masu16","Masu","Static"
15,14.85,0.005311831,2,"Masu17","Masu","Static"
15,14.65,0.003715975,2,"Masu18","Masu","Static"
18,17.75,0.007058318,3,"Masu16","Masu","Static"
18,17.85,0.006830884,3,"Masu17","Masu","Static"
17,16.95,0.004770783,3,"Masu18","Masu","Static"
21,21.05,0.009001762,4,"Masu16","Masu","Static"
21,20.95,0.009243783,4,"Masu17","Masu","Static"
19,18.95,0.00590997,4,"Masu18","Masu","Static"
22,22.4,0.009760531,5,"Masu16","Masu","Static"
22,22.2,0.009904593,5,"Masu17","Masu","Static"
21,20.7,0.00656248,5,"Masu18","Masu","Static"
23,22.95,0.011381538,6,"Masu16","Masu","Static"
23,23,0.010729263,6,"Masu17","Masu","Static"
22,21.7,0.007488432,6,"Masu18","Masu","Static"
14,13.95,0.006173313,1,"Masu19","Masu","Static"
15,15,0.006405317,2,"Masu19","Masu","Static"
16,16.3,0.006974656,3,"Masu19","Masu","Static"
18,17.7,0.008178321,4,"Masu19","Masu","Static"
18,18.2,0.00745942,5,"Masu19","Masu","Static"
16,16.15,0.007315309,1,"Ito14","Ito","Static"
17,16.5,0.007458018,1,"Ito15","Ito","Static"
17,16.65,0.009113454,1,"Ito16","Ito","Static"
17,16.75,0.0060254,2,"Ito16","Ito","Static"
17,17.05,0.007148329,2,"Ito14","Ito","Static"
16,15.85,0.008478545,2,"Ito15","Ito","Static"
16,15.55,0.007996029,3,"Ito14","Ito","Static"
15,15.45,0.007628488,3,"Ito16","Ito","Static"
12,11.65,0.0071174,4,"Ito16","Ito","Static"
12,11.85,0.00667775,4,"Ito14","Ito","Static"
12,11.7,0.01077477,3,"Ito15","Ito","Static"
12,11.55,0.005495607,5,"Ito14","Ito","Static"
12,11.6,0.004428265,5,"Ito16","Ito","Static"
12,11.5,0.010990151,4,"Ito15","Ito","Static"
13,13.425,0.008945351,6,"Ito14","Ito","Static"
13,13.2,0.011701372,5,"Ito15","Ito","Static"
13,13.35,0.008322646,6,"Ito16","Ito","Static"
14,14.25,0.003914907,7,"Ito14","Ito","Static"
14,14.4,0.009045566,6,"Ito15","Ito","Static"
15,14.6,0.006001855,7,"Ito16","Ito","Static"
16,15.7,0.006208,8,"Ito14","Ito","Static"
16,15.75,0.007037333,7,"Ito15","Ito","Static"
16,15.65,0.006799304,8,"Ito16","Ito","Static"
17,17.1,0.006912552,9,"Ito14","Ito","Static"
17,17.15,0.006163033,8,"Ito15","Ito","Static"
17,17.25,0.0069504,9,"Ito16","Ito","Static"
20,19.5,0.011927135,10,"Ito14","Ito","Static"
19,19.25,0.009258229,9,"Ito15","Ito","Static"
20,19.55,0.006874852,10,"Ito16","Ito","Static"
19,19.15,0.006896762,1,"Ito17","Ito","Static"
19,18.95,0.009830857,1,"Ito18","Ito","Static"
19,19.2,0.006947015,1,"Ito19","Ito","Static"
19,19.35,0.009961558,1,"Ito20","Ito","Static"
19,18.55,0.00722176,2,"Ito17","Ito","Static"
19,18.65,0.008133355,2,"Ito18","Ito","Static"
19,18.8,0.006894352,2,"Ito19","Ito","Static"
19,18.8,0.008318487,2,"Ito20","Ito","Static"
15,14.75,0.006731429,3,"Ito17","Ito","Static"
15,14.75,0.00816,3,"Ito18","Ito","Static"
15,14.8,0.007728458,3,"Ito19","Ito","Static"
15,14.75,0.010947611,3,"Ito20","Ito","Static"
15,14.6,0.006407483,4,"Ito18","Ito","Static"
15,14.55,0.005784511,4,"Ito19","Ito","Static"
15,14.65,0.009365818,4,"Ito20","Ito","Static"
15,14.6,0.005203934,4,"Ito17","Ito","Static"
16,15.55,0.005857524,5,"Ito17","Ito","Static"
16,15.6,0.005269781,5,"Ito18","Ito","Static"
16,15.6,0.007316426,5,"Ito19","Ito","Static"
16,15.6,0.005262948,5,"Ito20","Ito","Static"
17,17,0.006329905,6,"Ito17","Ito","Static"
17,16.95,0.009403429,6,"Ito18","Ito","Static"
17,17.1,0.00833788,6,"Ito19","Ito","Static"
17,17.05,0.006545455,6,"Ito20","Ito","Static"
19,18.65,0.008150486,7,"Ito17","Ito","Static"
19,18.65,0.010091935,7,"Ito18","Ito","Static"
19,18.55,0.007554437,7,"Ito19","Ito","Static"
19,18.65,0.009520536,7,"Ito20","Ito","Static"
20,19.65,0.008685511,8,"Ito17","Ito","Static"
20,19.6,0.009778111,8,"Ito18","Ito","Static"
20,19.65,0.008475679,8,"Ito19","Ito","Static"
20,19.7,0.008287347,8,"Ito20","Ito","Static"
17,16.5,0.006928483,1,"Ito21","Ito","Static"
17,16.55,0.006852045,1,"Ito22","Ito","Static"
17,16.75,0.00782094,2,"Ito21","Ito","Static"
17,16.75,0.007866589,2,"Ito22","Ito","Static"
17,17.3,0.008137514,3,"Ito21","Ito","Static"
17,17.4,0.007582255,3,"Ito22","Ito","Static"
19,19.15,0.008881502,4,"Ito21","Ito","Static"
19,19.25,0.007796923,4,"Ito22","Ito","Static"
19,18.75,0.007442409,5,"Ito21","Ito","Static"
19,18.7,0.007870306,5,"Ito22","Ito","Static"
